CustID,OrdersPerWeek
1,NULL
1,0
1,7
1,2
1,4
1,0
1,2
1,0
1,2
1,0
1,4
1,0
1,9
1,3
1,2
1,4
1,3
1,5
1,5
1,8
1,2
1,1
1,1
1,9
1,1
1,18
1,2
1,7
1,10
1,9
1,2
1,10
1,1
1,1
1,7
1,8
1,3
1,5
1,5
1,4
1,1
1,3
1,1
1,0
1,8
1,4
1,4
1,1
1,4
1,8
1,2
1,1
1,9
1,1
1,2
1,4
1,0
1,2
1,0
1,1
1,19
1,1
1,3
1,3
1,4
1,0
1,2
1,3
1,3
1,1
1,3
1,14
1,4
1,0
1,2
1,0
1,1
1,10
1,13
1,4
1,7
1,2
1,1
1,0
1,13
1,1
1,3
1,14
1,1
1,2
2,NULL
2,1
2,9
2,1
2,2
2,2
2,2
2,0
2,15
2,8
2,5
2,0
2,1
2,1
2,0
2,4
2,1
2,2
2,5
2,0
2,4
2,0
2,1
2,2
2,2
2,1
2,1
2,4
2,3
2,0
2,1
2,11
2,4
2,4
2,5
2,1
2,1
2,0
2,5
2,4
2,7
2,1
2,3
2,7
2,1
2,4
2,2
2,4
2,13
2,0
2,6
2,1
2,4
2,7
2,18
2,2
2,4
2,2
2,16
2,0
2,2
2,15
2,0
2,17
2,4
2,0
2,1
2,0
2,7
2,1
2,1
2,3
2,16
2,1
2,6
2,2
2,14
2,1
2,1
2,4
2,2
2,2
2,2
2,2
2,1
2,13
2,0
2,6
2,0
2,5
2,1
2,1
2,3
2,1
2,0
2,1
3,NULL
3,4
3,3
3,1
3,2
3,3
3,1
3,2
3,3
3,1
3,3
3,13
3,2
3,5
3,7
3,2
3,0
3,7
3,5
3,6
3,1
3,2
3,1
3,8
3,12
3,1
3,9
3,1
3,4
3,13
3,4
3,0
3,4
3,0
3,1
3,6
3,6
3,0
3,1
3,7
3,1
3,4
3,2
3,12
3,1
3,11
3,6
3,3
3,1
3,8
3,4
3,0
3,0
3,10
3,3
3,1
3,2
3,1
3,2
3,0
3,4
3,2
3,15
3,2
3,6
3,2
3,0
3,0
3,1
3,3
3,16
3,3
3,1
3,10
3,1
3,2
3,2
3,0
3,17
3,2
3,2
3,4
3,3
3,1
3,2
3,0
3,16
3,10
3,2
3,2
4,NULL
4,1
4,1
4,1
4,1
4,2
4,1
4,2
4,0
4,3
4,1
4,1
4,1
4,1
4,3
4,10
4,4
4,1
4,0
4,3
4,1
4,12
4,8
4,4
4,1
4,2
4,5
4,5
4,3
4,2
4,11
4,1
4,3
4,1
4,2
4,4
4,1
4,3
4,0
4,4
4,12
4,2
4,1
4,6
4,1
4,1
4,0
4,2
4,1
4,4
4,1
4,7
4,4
4,1
4,13
4,2
4,12
4,0
4,4
4,4
4,3
4,24
4,4
4,6
4,0
4,1
4,4
4,10
4,5
4,3
4,3
4,1
4,3
4,8
4,0
4,8
4,1
4,1
4,4
4,0
4,1
4,4
4,2
4,2
4,3
4,0
4,3
4,2
4,7
4,0
4,3
4,1
4,2
4,6
4,4
4,2
4,0
4,3
4,3
4,7
4,1
4,5
4,4
4,1
4,3
4,1
4,3
4,4
5,NULL
5,3
5,1
5,2
5,1
5,1
5,1
5,5
5,8
5,10
5,0
5,0
5,7
5,0
5,2
5,1
5,4
5,1
5,0
5,2
5,2
5,14
5,5
5,1
5,7
5,3
5,9
5,1
5,3
5,5
5,1
5,1
5,2
5,1
5,2
5,6
5,10
5,0
5,15
5,5
5,0
5,0
5,9
5,1
5,0
5,4
5,3
5,3
5,10
5,10
5,10
5,0
5,1
5,2
5,25
5,0
5,4
5,0
5,7
5,1
5,2
5,18
5,9
5,0
5,14
5,0
5,1
5,2
5,0
5,11
5,14
5,5
5,5
5,0
5,0
5,4
5,2
5,1
5,3
5,1
5,0
5,13
5,4
5,6
5,2
5,1
5,0
5,1
5,4
5,1
6,NULL
6,8
6,0
6,0
6,1
6,1
6,10
6,4
6,4
6,5
6,4
6,12
6,0
6,0
6,4
6,1
6,0
6,1
6,2
6,3
6,5
6,2
6,0
6,2
6,3
6,8
6,4
6,0
6,3
6,10
6,2
6,1
6,2
6,1
6,8
6,12
6,2
6,2
6,3
6,0
6,0
6,13
6,0
6,2
6,2
6,0
6,4
6,0
6,0
6,2
6,1
6,3
6,0
6,5
6,1
6,11
6,1
6,3
6,3
6,5
6,0
6,6
6,2
6,10
6,0
6,1
6,3
6,0
6,0
6,2
6,5
6,5
6,0
6,1
6,0
6,15
6,1
6,3
6,1
6,2
6,0
6,3
6,2
6,0
6,0
6,15
6,6
6,2
6,3
6,0
6,0
6,1
6,3
6,2
6,2
6,4
6,7
6,4
6,4
6,4
6,25
6,7
6,0
6,1
6,1
6,6
6,1
7,NULL
7,1
7,6
7,0
7,1
7,2
7,4
7,4
7,2
7,21
7,5
7,2
7,4
7,6
7,2
7,1
7,5
7,1
7,7
7,3
7,2
7,0
7,12
7,1
7,1
7,1
7,5
7,4
7,7
7,8
7,1
7,0
7,0
7,1
7,1
7,2
7,6
7,2
7,1
7,2
7,1
7,5
7,11
7,1
7,5
7,1
7,5
7,6
7,11
7,0
7,0
7,1
7,8
7,1
7,2
7,1
7,2
7,1
7,3
7,20
7,2
7,1
7,1
7,1
7,2
7,4
7,2
7,0
7,13
7,0
7,8
7,0
7,2
7,3
7,4
7,1
7,1
7,8
7,0
7,1
7,3
7,3
7,2
7,2
7,2
7,4
7,0
7,2
7,1
7,17
7,2
7,1
7,4
7,3
7,0
7,1
7,3
7,11
7,3
7,1
7,4
7,3
7,0
8,NULL
8,1
8,17
8,0
8,4
8,8
8,2
8,1
8,2
8,0
8,0
8,2
8,3
8,0
8,1
8,1
8,3
8,0
8,1
8,0
8,2
8,1
8,10
8,10
8,6
8,0
8,0
8,4
8,2
8,7
8,1
8,0
8,2
8,0
8,5
8,4
8,1
8,2
8,4
8,2
8,1
8,12
8,2
8,6
8,3
8,2
8,3
8,0
8,2
8,0
8,10
8,1
8,1
8,6
8,1
8,1
8,1
8,1
8,2
8,3
8,1
8,1
8,1
8,3
8,9
8,4
8,7
8,5
8,14
8,1
8,1
8,1
8,0
8,2
8,1
8,1
8,1
8,2
8,1
8,7
8,14
8,0
8,3
8,4
8,0
8,1
8,0
8,5
8,2
8,6
8,9
8,0
8,3
8,9
8,16
8,3
8,1
8,0
8,4
8,2
8,0
8,1
8,0
8,4
8,2
8,1
8,2
8,19
8,0
8,3
8,2
8,7
8,1
9,NULL
9,7
9,5
9,3
9,7
9,0
9,10
9,3
9,0
9,1
9,0
9,1
9,5
9,2
9,0
9,0
9,3
9,5
9,0
9,1
9,6
9,4
9,3
9,1
9,1
9,4
9,9
9,11
9,1
9,3
9,1
9,4
9,0
9,6
9,1
9,1
9,2
9,0
9,9
9,3
9,8
9,1
9,1
9,1
9,0
9,18
9,1
9,4
9,5
9,4
9,1
9,0
9,1
9,1
9,0
9,2
9,9
9,1
9,2
9,1
9,3
9,12
9,0
9,12
9,2
9,6
9,1
9,5
9,4
9,13
9,1
9,2
9,0
9,7
9,5
9,9
9,14
9,4
9,1
9,4
9,5
9,0
9,2
9,10
9,1
9,1
9,4
9,3
9,4
9,2
9,5
9,0
9,8
9,9
9,8
9,1
9,1
9,2
9,0
9,2
10,NULL
10,1
10,2
10,7
10,0
10,4
10,1
10,2
10,2
10,4
10,1
10,7
10,6
10,1
10,2
10,0
10,4
10,5
10,3
10,14
10,0
10,2
10,0
10,7
10,0
10,3
10,0
10,1
10,4
10,12
10,3
10,1
10,2
10,5
10,4
10,1
10,11
10,1
10,5
10,4
10,8
10,3
10,14
10,4
10,1
10,4
10,4
10,0
10,5
10,6
10,4
10,3
10,2
10,0
10,2
10,4
10,3
10,0
10,2
10,12
10,1
10,3
10,1
10,7
10,7
10,1
10,2
10,9
10,2
10,0
10,1
10,1
10,2
10,7
10,1
10,1
10,5
10,11
10,4
10,1
10,5
10,3
10,5
10,3
10,1
10,11
10,1
10,7
10,4
10,14
10,4
10,5
10,6
10,2
10,3
10,1
11,NULL
11,5
11,1
11,1
11,5
11,2
11,0
11,2
11,4
11,9
11,6
11,2
11,6
11,1
11,0
11,2
11,7
11,5
11,3
11,3
11,6
11,3
11,2
11,13
11,6
11,0
11,9
11,1
11,16
11,2
11,1
11,1
11,2
11,4
11,3
11,1
11,5
11,10
11,1
11,1
11,7
11,3
11,5
11,14
11,1
11,3
11,3
11,2
11,1
11,4
11,5
11,1
11,1
11,10
11,2
11,4
11,4
11,6
11,14
11,2
11,7
11,8
11,4
11,2
11,7
11,2
11,3
11,2
11,1
11,0
11,1
11,0
11,2
11,3
11,1
11,0
11,0
11,22
11,11
11,0
11,1
11,1
11,0
11,13
11,1
11,4
11,8
11,2
11,3
11,2
11,0
12,NULL
12,3
12,3
12,15
12,3
12,2
12,8
12,2
12,4
12,1
12,5
12,0
12,4
12,2
12,0
12,8
12,5
12,3
12,0
12,0
12,1
12,13
12,5
12,0
12,1
12,5
12,0
12,1
12,2
12,1
12,2
12,1
12,7
12,2
12,2
12,6
12,2
12,12
12,8
12,3
12,0
12,2
12,5
12,1
12,1
12,3
12,2
12,0
12,3
12,2
12,7
12,1
12,4
12,0
12,8
12,6
12,4
12,17
12,4
12,1
12,0
12,2
12,2
12,1
12,3
12,1
12,11
12,1
12,1
12,0
12,12
12,2
12,5
12,8
12,4
12,6
12,6
12,13
12,2
12,0
12,2
12,4
12,4
12,1
12,3
12,4
12,1
12,9
12,4
12,2
12,3
12,5
12,1
12,1
12,4
13,NULL
13,1
13,6
13,1
13,2
13,1
13,10
13,1
13,1
13,15
13,2
13,1
13,1
13,3
13,4
13,3
13,0
13,11
13,7
13,0
13,1
13,0
13,3
13,2
13,0
13,3
13,2
13,1
13,17
13,1
13,2
13,7
13,1
13,0
13,9
13,3
13,3
13,1
13,3
13,0
13,3
13,2
13,2
13,0
13,5
13,1
13,1
13,8
13,5
13,3
13,8
13,1
13,5
13,0
13,0
13,9
13,3
13,1
13,3
13,1
13,8
13,3
13,19
13,3
13,7
13,1
13,0
13,0
13,4
13,0
13,7
13,2
13,3
13,1
13,4
13,3
13,0
13,6
13,2
13,2
13,7
13,2
13,2
13,1
13,1
13,0
13,1
13,3
13,1
13,0
13,1
13,0
13,1
13,3
13,4
13,1
13,10
13,1
13,6
13,0
13,3
13,6
13,0
13,1
13,2
13,1
13,0
13,0
13,0
13,3
13,1
13,6
13,1
13,6
13,1
13,9
13,0
13,0
13,1
13,4
13,1
13,1
14,NULL
14,2
14,0
14,8
14,2
14,3
14,15
14,4
14,3
14,8
14,6
14,0
14,0
14,1
14,0
14,12
14,2
14,0
14,1
14,8
14,12
14,2
14,3
14,2
14,3
14,2
14,5
14,0
14,0
14,0
14,14
14,1
14,1
14,1
14,0
14,0
14,7
14,1
14,4
14,1
14,9
14,2
14,0
14,3
14,4
14,13
14,1
14,18
14,1
14,4
14,2
14,3
14,22
14,6
14,6
14,0
14,11
14,3
14,1
14,5
14,3
14,1
14,2
14,1
14,15
14,3
14,1
14,8
14,2
14,3
14,1
14,8
14,6
14,0
14,2
14,4
14,1
14,1
14,0
14,1
14,2
14,5
14,0
14,2
14,10
14,3
14,8
14,2
14,1
14,2
14,2
14,1
15,NULL
15,8
15,2
15,0
15,5
15,2
15,11
15,8
15,3
15,6
15,4
15,6
15,0
15,1
15,12
15,4
15,2
15,1
15,2
15,2
15,8
15,8
15,3
15,4
15,0
15,4
15,1
15,3
15,6
15,2
15,8
15,6
15,15
15,2
15,10
15,4
15,3
15,2
15,2
15,1
15,6
15,2
15,2
15,2
15,3
15,5
15,0
15,2
15,2
15,5
15,12
15,8
15,22
15,0
15,1
15,7
15,4
15,5
15,2
15,1
15,10
15,2
15,2
15,1
15,0
15,4
15,1
15,4
15,2
15,2
15,12
15,1
15,7
15,21
15,5
15,10
15,1
15,1
15,1
15,0
15,1
15,2
15,2
16,NULL
16,6
16,8
16,3
16,4
16,1
16,9
16,1
16,2
16,1
16,4
16,6
16,4
16,0
16,2
16,12
16,0
16,9
16,1
16,2
16,0
16,2
16,11
16,6
16,6
16,6
16,1
16,2
16,0
16,13
16,1
16,5
16,4
16,1
16,1
16,30
16,3
16,6
16,6
16,4
16,0
16,1
16,3
16,6
16,2
16,2
16,2
16,15
16,4
16,0
16,2
16,1
16,5
16,1
16,0
16,3
16,12
16,0
16,1
16,5
16,7
16,1
16,2
16,2
16,1
16,0
16,2
16,1
16,14
16,10
16,7
16,9
16,6
16,7
16,2
16,4
16,1
16,0
16,8
16,0
16,2
16,2
16,6
16,2
16,0
16,3
16,0
16,4
16,1
16,3
17,NULL
17,13
17,3
17,0
17,4
17,11
17,1
17,6
17,2
17,0
17,1
17,5
17,0
17,1
17,6
17,7
17,3
17,6
17,0
17,1
17,0
17,5
17,0
17,5
17,0
17,13
17,4
17,3
17,2
17,1
17,5
17,1
17,0
17,1
17,1
17,2
17,10
17,1
17,3
17,1
17,2
17,3
17,1
17,16
17,4
17,4
17,12
17,4
17,0
17,6
17,1
17,4
17,1
17,2
17,2
17,0
17,1
17,2
17,5
17,0
17,4
17,16
17,1
17,7
17,1
17,1
17,2
17,3
17,0
17,14
17,0
17,1
17,1
17,10
17,1
17,20
17,0
17,1
17,6
17,1
17,1
17,1
17,1
17,1
17,2
17,1
17,11
17,4
17,1
17,3
17,5
17,1
17,13
17,0
17,2
17,6
17,11
17,0
17,1
18,NULL
18,3
18,8
18,4
18,7
18,7
18,5
18,7
18,4
18,2
18,4
18,6
18,4
18,4
18,3
18,3
18,4
18,6
18,7
18,1
18,4
18,1
18,0
18,4
18,2
18,3
18,5
18,1
18,2
18,8
18,1
18,1
18,1
18,3
18,0
18,1
18,1
18,4
18,1
18,1
18,3
18,4
18,12
18,4
18,1
18,2
18,1
18,1
18,7
18,1
18,1
18,1
18,12
18,0
18,8
18,1
18,3
18,3
18,4
18,11
18,1
18,7
18,5
18,5
18,2
18,11
18,5
18,0
18,3
18,9
18,2
18,1
18,9
18,3
18,1
18,4
18,3
18,0
18,21
18,3
18,2
18,1
18,1
18,0
18,1
18,5
18,2
18,1
18,3
18,0
18,8
18,3
18,3
18,0
18,0
18,4
18,0
18,3
18,2
18,1
19,NULL
19,0
19,1
19,4
19,0
19,4
19,3
19,6
19,1
19,18
19,1
19,3
19,0
19,1
19,3
19,4
19,1
19,2
19,1
19,1
19,9
19,2
19,0
19,4
19,0
19,2
19,1
19,2
19,3
19,3
19,10
19,4
19,1
19,2
19,1
19,3
19,2
19,23
19,7
19,0
19,0
19,0
19,1
19,8
19,1
19,0
19,8
19,1
19,5
19,11
19,0
19,2
19,1
19,2
19,0
19,1
19,1
19,8
19,1
19,1
19,1
19,2
19,0
19,5
19,0
19,1
19,10
19,8
19,4
19,3
19,1
19,2
19,7
19,4
19,12
19,0
19,1
19,4
19,10
19,1
19,1
19,2
19,9
19,1
19,3
19,5
19,1
19,4
19,0
19,4
19,5
19,0
19,9
19,2
19,5
19,1
19,6
19,6
19,1
19,9
19,3
19,1
19,2
19,1
19,2
19,1
19,1
19,6
19,2
19,1
19,2
20,NULL
20,2
20,6
20,4
20,3
20,3
20,2
20,0
20,1
20,11
20,2
20,13
20,1
20,11
20,5
20,12
20,3
20,11
20,3
20,1
20,2
20,5
20,3
20,1
20,5
20,9
20,0
20,6
20,5
20,3
20,3
20,4
20,1
20,12
20,3
20,1
20,9
20,4
20,10
20,3
20,1
20,0
20,6
20,5
20,7
20,0
20,2
20,11
20,11
20,3
20,3
20,0
20,3
20,10
20,2
20,1
20,2
20,5
20,1
20,8
20,1
20,7
20,3
20,1
20,4
20,6
20,1
20,0
20,0
20,1
20,1
20,7
20,8
20,3
20,1
20,4
20,3
20,4
20,1
20,1
20,2
20,2
20,8
20,1
20,4
20,4
20,0
20,0
20,1
20,1
20,0
20,3
20,1
20,1
20,5
20,1
20,1
21,NULL
21,1
21,2
21,4
21,4
21,16
21,0
21,1
21,4
21,2
21,1
21,5
21,1
21,0
21,4
21,0
21,9
21,5
21,6
21,1
21,3
21,1
21,1
21,0
21,1
21,13
21,0
21,5
21,1
21,1
21,0
21,7
21,0
21,6
21,10
21,4
21,4
21,1
21,8
21,3
21,2
21,8
21,1
21,1
21,2
21,2
21,4
21,2
21,2
21,4
21,2
21,0
21,15
21,6
21,5
21,3
21,2
21,2
21,9
21,12
21,19
21,3
21,1
21,1
21,2
21,4
21,1
21,2
21,3
21,5
21,22
21,5
21,1
21,0
21,1
21,12
21,0
21,7
21,3
21,5
21,13
21,1
21,7
21,0
21,0
21,1
21,2
21,0
21,3
21,4
21,3
22,NULL
22,1
22,4
22,2
22,1
22,0
22,1
22,0
22,10
22,8
22,2
22,4
22,1
22,3
22,3
22,6
22,0
22,10
22,0
22,2
22,2
22,9
22,3
22,1
22,3
22,1
22,8
22,6
22,1
22,7
22,4
22,1
22,0
22,0
22,1
22,2
22,1
22,8
22,1
22,2
22,9
22,2
22,1
22,2
22,1
22,2
22,1
22,1
22,10
22,6
22,2
22,1
22,1
22,7
22,0
22,2
22,3
22,0
22,6
22,14
22,5
22,0
22,1
22,11
22,3
22,1
22,0
22,2
22,7
22,5
22,2
22,1
22,11
22,3
22,6
22,3
22,2
22,2
22,1
22,15
22,3
22,11
22,4
22,0
22,12
22,8
22,3
22,3
22,0
22,0
22,0
22,3
22,2
22,11
22,6
22,0
22,1
22,3
22,0
22,11
23,NULL
23,1
23,2
23,6
23,2
23,1
23,2
23,8
23,1
23,8
23,3
23,4
23,0
23,2
23,3
23,3
23,0
23,7
23,0
23,2
23,5
23,3
23,2
23,0
23,5
23,0
23,0
23,2
23,1
23,14
23,1
23,3
23,1
23,1
23,1
23,5
23,2
23,1
23,0
23,2
23,0
23,8
23,0
23,17
23,2
23,1
23,10
23,1
23,3
23,2
23,1
23,0
23,24
23,6
23,0
23,1
23,0
23,1
23,1
23,2
23,0
23,1
23,4
23,5
23,2
23,9
23,4
23,5
23,1
23,9
23,12
23,3
23,3
23,2
23,12
23,8
23,4
23,0
23,1
23,9
23,4
23,4
23,12
23,0
23,0
23,1
23,1
23,7
23,3
23,5
23,3
23,10
23,2
23,5
23,4
23,5
23,3
24,NULL
24,2
24,0
24,2
24,3
24,2
24,1
24,1
24,4
24,2
24,2
24,8
24,3
24,0
24,8
24,1
24,4
24,5
24,1
24,6
24,1
24,3
24,2
24,0
24,2
24,1
24,0
24,3
24,0
24,1
24,0
24,1
24,5
24,3
24,8
24,6
24,0
24,0
24,11
24,2
24,3
24,1
24,1
24,10
24,0
24,16
24,1
24,11
24,4
24,0
24,5
24,1
24,0
24,0
24,6
24,1
24,0
24,1
24,14
24,1
24,4
24,4
24,0
24,4
24,2
24,2
24,2
24,10
24,9
24,0
24,2
24,0
24,1
24,10
24,10
24,5
24,3
24,0
24,2
24,0
24,10
24,0
24,1
24,1
24,6
24,7
24,3
24,4
24,2
24,3
24,1
24,3
24,8
24,9
24,4
24,2
24,2
24,2
24,1
24,4
24,11
24,1
24,0
24,1
24,1
24,2
24,8
24,1
25,NULL
25,1
25,4
25,13
25,2
25,12
25,1
25,2
25,4
25,4
25,2
25,1
25,3
25,3
25,2
25,0
25,5
25,15
25,0
25,1
25,2
25,0
25,1
25,16
25,1
25,2
25,2
25,5
25,2
25,2
25,3
25,13
25,0
25,3
25,0
25,1
25,4
25,3
25,2
25,1
25,3
25,0
25,0
25,0
25,2
25,1
25,10
25,2
25,0
25,2
25,3
25,6
25,0
25,4
25,10
25,2
25,2
25,0
25,2
25,1
25,0
25,1
25,1
25,2
25,6
25,0
25,1
25,6
25,0
25,7
25,1
25,0
25,4
25,2
25,5
25,3
25,4
25,1
25,4
25,9
25,5
25,4
25,5
25,4
25,11
25,6
25,1
25,1
25,1
25,1
25,10
25,0
25,12
25,1
25,2
25,0
25,1
25,2
25,5
25,0
25,0
25,1
25,0
25,5
25,20
25,4
25,3
25,1
25,0
25,3
26,NULL
26,2
26,0
26,2
26,2
26,1
26,0
26,1
26,5
26,2
26,3
26,13
26,0
26,3
26,2
26,2
26,0
26,0
26,3
26,1
26,6
26,13
26,2
26,2
26,0
26,8
26,3
26,1
26,4
26,1
26,8
26,4
26,1
26,11
26,1
26,5
26,1
26,7
26,2
26,1
26,8
26,1
26,2
26,0
26,5
26,12
26,15
26,1
26,0
26,7
26,12
26,1
26,1
26,1
26,16
26,7
26,1
26,1
26,7
26,1
26,1
26,9
26,0
26,1
26,2
26,0
26,1
26,8
26,4
26,0
26,1
26,0
26,3
26,1
26,1
26,13
26,6
26,2
26,4
26,1
26,3
26,1
26,5
26,5
26,11
26,5
26,1
26,2
26,0
26,3
26,8
26,0
26,2
26,0
26,1
26,1
26,8
26,1
26,0
26,2
26,0
26,3
26,6
26,0
26,5
26,2
27,NULL
27,13
27,5
27,14
27,2
27,3
27,0
27,2
27,2
27,5
27,0
27,2
27,0
27,6
27,1
27,6
27,0
27,4
27,5
27,4
27,7
27,11
27,2
27,2
27,0
27,3
27,0
27,23
27,8
27,3
27,2
27,1
27,3
27,0
27,5
27,0
27,7
27,4
27,1
27,5
27,5
27,2
27,15
27,2
27,2
27,0
27,3
27,8
27,1
27,13
27,0
27,1
27,3
27,2
27,0
27,1
27,2
27,0
27,6
27,2
27,0
27,1
27,5
27,9
27,2
27,2
27,2
27,0
27,0
27,1
27,1
27,3
27,10
27,2
27,12
27,10
27,16
27,5
27,11
27,1
27,1
27,0
27,21
27,5
27,0
27,4
27,5
27,0
28,NULL
28,2
28,0
28,6
28,6
28,0
28,8
28,9
28,6
28,2
28,4
28,1
28,4
28,10
28,1
28,0
28,3
28,2
28,2
28,1
28,1
28,1
28,2
28,4
28,3
28,15
28,1
28,6
28,0
28,3
28,1
28,4
28,11
28,2
28,6
28,3
28,7
28,1
28,0
28,15
28,0
28,1
28,0
28,3
28,8
28,2
28,2
28,13
28,2
28,5
28,9
28,2
28,2
28,1
28,11
28,2
28,5
28,11
28,1
28,9
28,1
28,1
28,2
28,0
28,3
28,7
28,1
28,6
28,3
28,0
28,8
28,1
28,1
28,4
28,3
28,1
28,3
28,5
28,16
28,1
28,0
28,1
28,6
28,0
28,2
28,1
28,1
28,2
28,0
28,2
28,0
28,0
28,13
28,6
28,2
28,2
28,4
28,0
28,6
29,NULL
29,0
29,0
29,3
29,3
29,2
29,1
29,2
29,3
29,2
29,3
29,16
29,1
29,9
29,1
29,4
29,1
29,1
29,6
29,1
29,3
29,7
29,1
29,0
29,2
29,1
29,17
29,1
29,1
29,4
29,3
29,3
29,2
29,5
29,0
29,3
29,7
29,2
29,1
29,3
29,3
29,6
29,2
29,0
29,0
29,1
29,4
29,0
29,9
29,2
29,2
29,4
29,6
29,7
29,13
29,5
29,1
29,4
29,0
29,1
29,3
29,2
29,17
29,3
29,3
29,10
29,1
29,8
29,5
29,12
29,1
29,11
29,1
29,2
29,5
29,5
29,9
29,0
29,1
29,12
29,7
29,3
29,2
29,0
29,4
29,1
29,2
29,7
29,2
29,1
29,1
29,1
29,1
29,8
29,1
29,0
29,1
29,2
29,6
30,NULL
30,1
30,2
30,4
30,4
30,1
30,4
30,0
30,2
30,1
30,2
30,12
30,3
30,1
30,5
30,3
30,6
30,2
30,5
30,0
30,6
30,2
30,6
30,1
30,2
30,1
30,13
30,5
30,1
30,1
30,6
30,4
30,2
30,0
30,4
30,11
30,1
30,2
30,4
30,1
30,4
30,0
30,1
30,14
30,2
30,9
30,2
30,5
30,1
30,4
30,1
30,6
30,3
30,8
30,3
30,1
30,2
30,2
30,1
30,1
30,17
30,3
30,10
30,2
30,1
30,15
30,2
30,10
30,1
30,1
30,1
30,1
30,11
30,10
30,5
30,1
30,3
30,13
30,0
30,2
30,1
30,10
30,1
30,5
30,10
30,5
30,11
30,1
31,NULL
31,1
31,2
31,4
31,3
31,2
31,9
31,0
31,1
31,1
31,7
31,0
31,0
31,3
31,11
31,4
31,4
31,1
31,8
31,5
31,6
31,2
31,2
31,3
31,3
31,0
31,7
31,2
31,0
31,0
31,5
31,1
31,6
31,7
31,1
31,2
31,18
31,7
31,5
31,7
31,1
31,1
31,4
31,1
31,1
31,8
31,17
31,1
31,1
31,6
31,11
31,0
31,1
31,8
31,1
31,1
31,0
31,1
31,3
31,3
31,5
31,1
31,17
31,6
31,6
31,0
31,6
31,3
31,2
31,6
31,4
31,16
31,15
31,0
31,3
31,2
31,1
31,3
31,1
31,1
31,9
31,6
31,1
31,2
31,2
31,7
31,0
31,1
31,7
31,0
32,NULL
32,7
32,0
32,2
32,1
32,4
32,0
32,1
32,1
32,1
32,3
32,13
32,1
32,0
32,1
32,3
32,0
32,1
32,4
32,0
32,0
32,2
32,2
32,0
32,5
32,0
32,8
32,8
32,1
32,4
32,0
32,2
32,1
32,4
32,15
32,2
32,0
32,0
32,2
32,13
32,2
32,7
32,3
32,6
32,0
32,1
32,1
32,6
32,2
32,11
32,1
32,1
32,2
32,1
32,2
32,9
32,1
32,16
32,5
32,7
32,1
32,8
32,0
32,7
32,7
32,0
32,4
32,2
32,4
32,14
32,1
32,0
32,1
32,1
32,0
32,2
32,4
32,1
32,7
32,1
32,3
32,2
32,19
32,6
32,4
32,12
32,1
32,5
32,5
32,2
32,5
32,2
32,17
32,1
32,1
32,2
32,4
33,NULL
33,0
33,3
33,4
33,3
33,0
33,1
33,2
33,4
33,2
33,10
33,1
33,1
33,0
33,6
33,1
33,0
33,1
33,1
33,2
33,3
33,3
33,9
33,0
33,1
33,7
33,4
33,0
33,6
33,1
33,1
33,1
33,8
33,4
33,3
33,1
33,11
33,5
33,6
33,8
33,3
33,1
33,2
33,1
33,1
33,3
33,2
33,0
33,12
33,4
33,0
33,5
33,3
33,7
33,1
33,1
33,0
33,9
33,3
33,8
33,5
33,4
33,9
33,1
33,2
33,0
33,9
33,2
33,1
33,1
33,0
33,1
33,0
33,1
33,1
33,3
33,9
33,2
33,1
33,7
33,1
33,3
33,1
33,1
33,0
33,17
33,1
33,0
33,8
33,3
33,1
33,8
33,7
33,4
33,2
33,2
33,0
33,1
33,8
33,1
33,3
33,12
33,1
33,6
33,1
33,2
33,1
33,1
33,5
33,3
34,NULL
34,4
34,2
34,2
34,1
34,1
34,0
34,4
34,3
34,30
34,4
34,1
34,2
34,1
34,4
34,1
34,3
34,1
34,5
34,4
34,2
34,0
34,2
34,1
34,0
34,4
34,1
34,10
34,2
34,6
34,0
34,6
34,5
34,9
34,0
34,9
34,3
34,1
34,2
34,16
34,1
34,5
34,2
34,1
34,0
34,14
34,22
34,1
34,1
34,2
34,12
34,0
34,5
34,1
34,5
34,1
34,2
34,1
34,0
34,1
34,1
34,1
34,4
34,8
34,1
34,1
34,2
34,1
34,6
34,4
34,3
34,5
34,0
34,1
34,0
34,8
34,1
34,0
34,0
34,5
34,2
34,4
34,0
34,1
34,6
34,10
34,1
34,1
34,1
34,4
34,9
34,0
34,1
34,1
34,3
34,14
34,6
34,0
34,3
34,2
34,6
34,1
35,NULL
35,2
35,15
35,1
35,1
35,0
35,11
35,3
35,7
35,7
35,2
35,4
35,7
35,2
35,4
35,12
35,4
35,11
35,4
35,2
35,1
35,4
35,0
35,1
35,14
35,1
35,0
35,0
35,5
35,6
35,2
35,0
35,2
35,4
35,17
35,10
35,1
35,0
35,0
35,2
35,2
35,1
35,9
35,10
35,5
35,3
35,1
35,0
35,4
35,11
35,0
35,1
35,1
35,4
35,1
35,1
35,0
35,3
35,6
35,1
35,11
35,0
35,4
35,2
35,3
35,1
35,2
35,0
35,2
35,3
35,0
35,3
35,8
35,0
35,7
35,0
35,1
35,2
35,2
35,1
35,5
35,13
35,4
35,2
35,12
35,2
35,1
35,17
35,7
35,3
35,2
35,1
35,3
36,NULL
36,4
36,3
36,3
36,2
36,1
36,19
36,2
36,1
36,1
36,1
36,3
36,0
36,2
36,0
36,0
36,2
36,1
36,1
36,1
36,1
36,0
36,2
36,3
36,0
36,4
36,7
36,2
36,8
36,2
36,1
36,1
36,1
36,0
36,1
36,1
36,8
36,1
36,2
36,8
36,5
36,6
36,12
36,0
36,5
36,3
36,3
36,1
36,1
36,2
36,1
36,1
36,11
36,1
36,2
36,3
36,5
36,3
36,2
36,2
36,4
36,7
36,0
36,3
36,6
36,10
36,14
36,1
36,1
36,8
36,0
36,8
36,1
36,10
36,2
36,2
36,2
36,0
36,0
36,2
36,14
36,0
36,8
36,9
36,1
36,1
36,4
36,2
36,0
36,2
36,2
36,2
36,8
36,2
36,2
36,2
36,4
36,2
36,4
36,14
36,3
36,5
36,1
36,1
36,3
36,9
37,NULL
37,3
37,2
37,1
37,1
37,2
37,0
37,6
37,1
37,12
37,5
37,4
37,2
37,4
37,5
37,1
37,0
37,14
37,2
37,0
37,2
37,3
37,9
37,0
37,0
37,8
37,1
37,7
37,2
37,1
37,3
37,1
37,7
37,0
37,9
37,3
37,5
37,2
37,1
37,1
37,9
37,8
37,1
37,2
37,11
37,2
37,2
37,0
37,1
37,2
37,1
37,9
37,5
37,1
37,5
37,6
37,3
37,2
37,9
37,0
37,6
37,0
37,1
37,3
37,5
37,0
37,16
37,7
37,0
37,2
37,2
37,7
37,14
37,1
37,1
37,4
37,1
37,4
37,10
37,10
37,4
37,3
37,1
37,1
37,4
37,3
37,2
37,13
37,1
37,1
37,0
37,1
37,6
37,5
37,2
38,NULL
38,5
38,2
38,3
38,1
38,1
38,1
38,7
38,15
38,14
38,10
38,1
38,2
38,2
38,0
38,3
38,7
38,1
38,14
38,15
38,1
38,0
38,8
38,16
38,4
38,2
38,2
38,1
38,5
38,12
38,5
38,1
38,7
38,3
38,0
38,1
38,0
38,2
38,8
38,0
38,1
38,1
38,17
38,1
38,1
38,1
38,17
38,1
38,1
38,1
38,4
38,0
38,2
38,1
38,4
38,11
38,10
38,3
38,3
38,11
38,6
38,1
38,0
38,0
38,0
38,2
38,1
38,0
38,2
38,0
38,20
38,0
38,4
38,6
38,4
38,1
38,5
38,2
38,9
38,1
38,1
38,3
38,0
38,4
38,2
38,1
38,0
38,4
38,0
39,NULL
39,3
39,5
39,7
39,7
39,8
39,2
39,1
39,3
39,1
39,1
39,3
39,1
39,1
39,0
39,8
39,9
39,1
39,0
39,4
39,1
39,5
39,2
39,2
39,1
39,4
39,1
39,0
39,10
39,0
39,3
39,6
39,8
39,2
39,0
39,2
39,11
39,0
39,4
39,4
39,10
39,17
39,0
39,7
39,21
39,5
39,3
39,1
39,5
39,2
39,33
39,8
39,5
39,3
39,4
39,2
39,1
39,1
39,1
39,1
39,2
39,0
39,0
39,9
39,1
39,1
39,2
39,1
39,10
39,5
39,1
39,1
39,1
39,10
39,1
39,1
39,0
39,8
39,2
39,1
39,5
39,12
39,1
39,1
39,2
39,0
39,3
39,1
39,2
39,2
39,1
39,1
39,3
39,1
39,4
40,NULL
40,0
40,1
40,4
40,5
40,5
40,24
40,1
40,3
40,2
40,0
40,2
40,2
40,2
40,2
40,8
40,11
40,8
40,1
40,16
40,3
40,0
40,4
40,8
40,19
40,1
40,2
40,1
40,4
40,0
40,7
40,13
40,2
40,2
40,2
40,1
40,0
40,1
40,4
40,3
40,1
40,10
40,2
40,6
40,2
40,3
40,1
40,2
40,1
40,4
40,1
40,13
40,1
40,8
40,5
40,2
40,9
40,9
40,1
40,0
40,4
40,3
40,0
40,7
40,7
40,4
40,4
40,5
40,0
40,0
40,16
40,1
40,5
40,4
40,1
40,5
40,5
40,8
40,2
40,3
40,2
40,2
40,2
40,1
40,1
40,1
40,1
40,2
40,1
40,1
40,0
40,2
40,2
40,8
40,0
40,1
40,1
40,2
40,6
40,8
40,4
40,2
40,0
40,9
40,6
40,2
40,2
40,0
40,4
40,2
40,0
40,5
40,0
40,7
40,0
40,9
40,3
40,1
40,1
40,3
40,3
40,2
40,0
40,9
40,0
40,10
40,1
40,3
40,10
40,6
40,8
40,1
40,2
40,1
40,3
40,3
40,4
40,0
40,13
40,0
40,4
40,5
40,5
40,2
40,4
40,7
40,2
40,0
40,4
40,6
40,0
40,1
40,3
40,2
40,0
40,1
40,1
40,2
41,NULL
41,5
41,15
41,1
41,11
41,1
41,0
41,3
41,2
41,4
41,1
41,8
41,1
41,9
41,3
41,0
41,4
41,1
41,7
41,20
41,2
41,3
41,2
41,3
41,1
41,1
41,6
41,20
41,0
41,2
41,3
41,2
41,1
41,4
41,21
41,7
41,10
41,4
41,2
41,2
41,14
41,1
41,9
41,1
41,4
41,2
41,1
41,1
41,2
41,7
41,4
41,8
41,1
41,4
41,1
41,1
41,0
41,2
41,7
41,13
41,2
41,2
41,0
41,0
41,7
41,1
41,0
41,5
41,5
41,7
41,1
41,0
41,4
41,0
41,3
41,6
41,2
41,1
41,5
41,1
41,1
41,7
41,1
41,0
41,3
41,1
41,1
41,9
41,3
41,15
41,1
41,5
41,4
41,1
41,1
41,2
41,0
41,3
41,3
41,9
41,3
41,1
41,1
41,13
41,1
41,0
41,11
41,4
41,4
41,3
41,2
41,1
41,1
41,2
41,6
41,16
41,3
41,11
41,7
41,6
41,0
41,2
41,2
41,3
41,1
41,1
41,0
41,6
41,0
41,14
41,10
41,7
41,10
41,1
41,2
41,0
41,1
41,2
41,4
41,1
41,2
41,2
41,1
41,0
41,2
41,2
41,0
41,2
42,NULL
42,6
42,1
42,1
42,7
42,1
42,0
42,4
42,9
42,8
42,1
42,4
42,4
42,2
42,3
42,2
42,0
42,0
42,14
42,4
42,20
42,3
42,2
42,1
42,0
42,1
42,6
42,8
42,1
42,0
42,1
42,1
42,10
42,3
42,2
42,1
42,1
42,9
42,2
42,2
42,7
42,4
42,2
42,1
42,5
42,0
42,2
42,4
42,19
42,3
42,2
42,0
42,1
42,2
42,4
42,16
42,4
42,4
42,0
42,3
42,1
42,2
42,1
42,3
42,11
42,1
42,1
42,3
42,6
42,3
42,0
42,1
42,3
42,1
42,3
42,4
42,2
42,4
42,5
42,4
42,0
42,2
42,0
42,4
42,12
42,1
42,10
42,1
42,2
42,4
42,3
42,1
42,8
42,1
42,1
42,2
42,0
42,1
42,4
42,6
42,3
42,1
42,0
42,0
42,11
42,7
42,0
42,2
42,1
42,2
42,2
42,7
42,16
42,3
42,0
42,3
42,7
42,3
42,9
42,2
42,0
42,2
42,1
42,6
42,3
42,1
42,1
42,3
42,13
42,3
42,8
42,1
42,5
42,10
42,1
42,0
42,0
42,16
42,1
42,6
42,9
42,2
42,2
42,1
42,5
42,18
42,1
42,1
42,0
42,11
42,5
42,1
42,0
42,3
42,1
43,NULL
43,8
43,1
43,2
43,5
43,0
43,0
43,13
43,1
43,5
43,3
43,3
43,0
43,19
43,7
43,3
43,1
43,2
43,6
43,1
43,1
43,21
43,3
43,3
43,0
43,7
43,8
43,7
43,2
43,3
43,3
43,6
43,1
43,8
43,3
43,6
43,5
43,6
43,1
43,8
43,6
43,2
43,1
43,0
43,11
43,12
43,0
43,2
43,0
43,1
43,11
43,2
43,1
43,0
43,3
43,3
43,13
43,4
43,6
43,0
43,1
43,4
43,3
43,4
43,3
43,9
43,2
43,4
43,0
43,3
43,1
43,11
43,2
43,1
43,1
43,6
43,1
43,0
43,0
43,10
43,1
43,12
43,3
43,0
43,1
43,2
43,0
43,1
43,4
43,0
43,3
43,4
43,7
43,8
43,0
43,3
43,1
43,3
43,5
43,0
43,4
43,8
43,3
43,2
43,0
43,3
43,2
43,4
43,0
43,1
43,1
43,5
43,8
43,8
43,2
43,1
43,6
43,0
43,18
43,0
43,3
43,1
43,4
43,1
43,9
43,10
43,0
43,0
43,3
43,4
43,7
43,3
43,0
43,1
43,15
43,9
43,2
43,3
43,2
43,4
43,8
43,2
43,0
43,3
43,2
43,1
43,0
43,4
43,9
43,0
44,NULL
44,18
44,0
44,0
44,22
44,5
44,2
44,4
44,18
44,1
44,6
44,3
44,0
44,1
44,10
44,2
44,3
44,1
44,1
44,4
44,0
44,2
44,6
44,2
44,18
44,1
44,9
44,0
44,2
44,0
44,11
44,7
44,2
44,10
44,2
44,17
44,4
44,0
44,4
44,1
44,18
44,0
44,1
44,3
44,0
44,4
44,6
44,14
44,2
44,1
44,10
44,0
44,4
44,0
44,4
44,1
44,8
44,3
44,1
44,4
44,2
44,2
44,3
44,2
44,0
44,14
44,1
44,1
44,1
44,0
44,6
44,1
44,0
44,20
44,1
44,0
44,0
44,2
44,0
44,3
44,13
44,13
44,4
44,0
44,3
44,5
44,13
44,2
44,0
44,5
44,10
44,6
44,10
44,2
44,1
44,1
44,1
44,4
44,12
44,9
44,0
44,1
44,5
44,3
44,1
44,1
44,0
44,1
44,1
44,5
44,3
44,2
44,0
44,0
44,8
44,2
44,0
44,0
44,1
44,1
44,1
44,1
44,4
44,2
44,3
44,0
44,6
44,9
44,4
44,6
44,3
44,3
44,1
44,15
44,1
44,3
44,1
44,0
44,3
44,2
44,1
44,4
44,2
44,3
45,NULL
45,24
45,3
45,2
45,1
45,4
45,1
45,1
45,2
45,3
45,4
45,8
45,10
45,0
45,6
45,2
45,15
45,0
45,6
45,1
45,2
45,0
45,3
45,6
45,2
45,10
45,0
45,1
45,2
45,4
45,1
45,5
45,16
45,6
45,3
45,3
45,1
45,0
45,1
45,4
45,3
45,1
45,0
45,24
45,0
45,3
45,13
45,0
45,1
45,3
45,2
45,1
45,0
45,7
45,1
45,5
45,10
45,13
45,6
45,0
45,1
45,1
45,0
45,1
45,1
45,5
45,4
45,3
45,4
45,0
45,3
45,7
45,2
45,1
45,12
45,0
45,6
45,1
45,2
45,0
45,2
45,2
45,2
45,0
45,11
45,5
45,1
45,0
45,2
45,6
45,1
45,5
45,11
45,1
45,5
45,6
45,3
45,1
45,5
45,0
45,2
45,12
45,1
45,12
45,3
45,13
45,0
45,3
45,2
45,0
45,5
45,1
45,6
45,2
45,9
45,13
45,0
45,2
45,5
45,11
45,3
45,1
45,0
45,4
45,1
45,0
45,13
45,9
45,8
45,2
45,2
45,2
45,4
45,1
45,3
45,6
45,1
45,4
45,1
45,0
45,1
45,6
45,8
45,2
45,1
46,NULL
46,1
46,1
46,7
46,2
46,11
46,6
46,0
46,15
46,10
46,1
46,1
46,17
46,0
46,3
46,0
46,2
46,11
46,1
46,1
46,1
46,9
46,15
46,9
46,11
46,0
46,15
46,1
46,1
46,1
46,9
46,2
46,2
46,1
46,0
46,1
46,0
46,12
46,2
46,2
46,3
46,0
46,2
46,6
46,11
46,2
46,1
46,1
46,6
46,1
46,3
46,7
46,1
46,9
46,1
46,0
46,6
46,0
46,3
46,1
46,7
46,2
46,4
46,4
46,0
46,2
46,0
46,1
46,0
46,4
46,0
46,1
46,0
46,7
46,3
46,14
46,5
46,1
46,7
46,1
46,0
46,1
46,1
46,0
46,7
46,0
46,6
46,6
46,3
46,2
46,1
46,5
46,2
46,4
46,8
46,2
46,11
46,2
46,0
46,1
46,6
46,13
46,1
46,13
46,3
46,9
46,0
46,3
46,1
46,0
46,0
46,4
46,1
46,1
46,7
46,1
46,4
46,1
46,14
46,8
46,3
46,1
46,5
46,8
46,0
46,8
46,0
46,1
46,0
46,5
46,8
46,1
46,7
46,2
46,0
46,5
46,3
46,3
46,3
46,7
46,1
46,7
46,3
46,6
46,1
47,NULL
47,0
47,2
47,6
47,4
47,24
47,11
47,5
47,1
47,9
47,3
47,0
47,4
47,4
47,9
47,10
47,2
47,0
47,3
47,0
47,4
47,2
47,6
47,17
47,0
47,1
47,1
47,2
47,12
47,3
47,9
47,2
47,1
47,4
47,5
47,3
47,13
47,2
47,11
47,0
47,3
47,2
47,2
47,11
47,5
47,0
47,2
47,0
47,16
47,9
47,0
47,1
47,1
47,1
47,1
47,4
47,1
47,4
47,2
47,2
47,1
47,10
47,8
47,9
47,2
47,2
47,1
47,9
47,5
47,3
47,4
47,4
47,1
47,3
47,2
47,10
47,9
47,0
47,10
47,2
47,9
47,4
47,1
47,2
47,8
47,1
47,1
47,5
47,6
47,2
47,2
47,1
47,1
47,1
47,8
47,2
47,2
47,1
47,0
47,11
47,1
47,2
47,1
47,3
47,3
47,1
47,0
47,2
47,4
47,1
47,6
47,0
47,17
47,11
47,3
47,7
47,3
47,1
47,4
47,5
47,10
47,8
47,0
47,2
47,4
47,0
47,2
47,5
47,0
47,2
47,2
47,1
47,3
47,1
47,1
47,6
47,0
47,1
47,2
47,9
47,7
47,2
47,2
48,NULL
48,3
48,1
48,2
48,8
48,1
48,3
48,16
48,3
48,1
48,7
48,13
48,3
48,2
48,7
48,7
48,0
48,1
48,3
48,1
48,10
48,0
48,4
48,3
48,4
48,17
48,1
48,0
48,5
48,0
48,4
48,6
48,3
48,1
48,15
48,26
48,3
48,1
48,0
48,1
48,11
48,15
48,5
48,14
48,1
48,14
48,1
48,6
48,1
48,1
48,3
48,1
48,2
48,5
48,6
48,6
48,2
48,2
48,1
48,5
48,1
48,2
48,12
48,0
48,4
48,9
48,2
48,7
48,0
48,16
48,4
48,2
48,2
48,1
48,0
48,0
48,12
48,3
48,6
48,2
48,4
48,6
48,1
48,15
48,7
48,4
48,0
48,3
48,12
48,0
48,1
48,11
48,2
48,7
48,8
48,2
48,0
48,0
48,3
48,1
48,6
48,1
48,4
48,1
48,12
48,1
48,8
48,4
48,1
48,5
48,0
48,4
48,1
48,7
48,1
48,2
48,2
48,0
48,2
48,2
48,0
48,3
48,1
48,0
48,4
48,2
48,3
48,1
48,11
48,4
48,1
48,6
48,7
49,NULL
49,4
49,3
49,0
49,0
49,12
49,2
49,1
49,11
49,3
49,3
49,9
49,17
49,6
49,5
49,2
49,0
49,2
49,1
49,1
49,3
49,8
49,0
49,2
49,1
49,2
49,3
49,1
49,2
49,3
49,3
49,29
49,4
49,1
49,1
49,0
49,9
49,6
49,4
49,2
49,1
49,7
49,1
49,9
49,1
49,9
49,4
49,4
49,1
49,12
49,2
49,1
49,5
49,1
49,4
49,5
49,1
49,2
49,1
49,1
49,8
49,4
49,1
49,1
49,1
49,8
49,1
49,3
49,2
49,2
49,4
49,3
49,1
49,9
49,1
49,1
49,0
49,8
49,0
49,8
49,4
49,1
49,1
49,0
49,6
49,6
49,1
49,4
49,0
49,17
49,1
49,3
49,1
49,6
49,2
49,1
49,8
49,0
49,4
49,1
49,1
49,0
49,5
49,5
49,3
49,1
49,1
49,1
49,7
49,14
49,19
49,3
49,9
49,1
49,23
49,1
49,1
49,1
49,0
49,1
49,2
49,2
49,3
49,12
49,7
49,1
49,1
49,0
49,1
49,4
49,1
49,2
49,5
49,9
49,1
49,1
49,1
49,1
49,4
49,3
49,1
49,0
49,2
49,2
49,3
49,5
49,9
49,3
49,3
49,3
49,0
49,0
49,4
49,1
49,4
49,1
50,NULL
50,4
50,11
50,2
50,2
50,1
50,16
50,1
50,5
50,0
50,6
50,12
50,6
50,3
50,2
50,6
50,5
50,0
50,1
50,8
50,1
50,1
50,6
50,5
50,1
50,1
50,6
50,9
50,2
50,4
50,7
50,4
50,16
50,1
50,10
50,9
50,8
50,0
50,0
50,6
50,8
50,0
50,5
50,3
50,8
50,2
50,1
50,1
50,0
50,0
50,4
50,4
50,4
50,0
50,1
50,1
50,3
50,10
50,1
50,7
50,6
50,1
50,2
50,1
50,13
50,2
50,1
50,3
50,7
50,2
50,1
50,2
50,2
50,1
50,9
50,0
50,1
50,1
50,0
50,6
50,4
50,0
50,1
50,7
50,0
50,1
50,1
50,8
50,7
50,3
50,1
50,0
50,1
50,2
50,4
50,1
50,2
50,1
50,12
50,1
50,0
50,0
50,0
50,6
50,0
50,1
50,1
50,8
50,1
50,8
50,6
50,0
50,6
50,7
50,1
50,10
50,2
50,0
50,4
50,2
50,1
50,0
50,6
50,1
50,1
50,0
50,3
50,12
50,0
50,0
50,1
50,1
50,6
50,4
50,7
50,4
50,10
50,0
50,2
50,3
50,3
50,0
50,8
50,4
50,7
50,7
50,4
50,13
50,11
50,1
50,0
50,1
50,3
50,2
50,2
50,2
50,1
50,4
50,1
50,2
51,NULL
51,2
51,1
51,5
51,5
51,2
51,2
51,4
51,1
51,10
51,0
51,4
51,0
51,7
51,1
51,0
51,1
51,1
51,1
51,4
51,12
51,0
51,1
51,6
51,4
51,4
51,2
51,3
51,0
51,7
51,10
51,11
51,1
51,2
51,8
51,1
51,4
51,3
51,1
51,2
51,0
51,3
51,0
51,0
51,2
51,5
51,0
51,0
51,13
51,1
51,12
51,6
51,9
51,1
51,2
51,0
51,4
51,6
51,1
51,4
51,2
51,8
51,3
51,9
51,2
51,1
51,7
51,0
51,2
51,10
51,0
51,0
51,2
51,2
51,5
51,5
51,0
51,1
51,4
51,1
51,1
51,12
51,2
51,2
51,2
51,2
51,1
51,2
51,2
51,12
51,1
51,3
51,5
51,1
51,6
51,2
51,2
51,1
51,1
51,10
51,5
51,2
51,1
51,12
52,NULL
52,7
52,1
52,0
52,0
52,2
52,3
52,2
52,1
52,2
52,1
52,1
52,1
52,10
52,0
52,1
52,1
52,9
52,3
52,1
52,5
52,2
52,5
52,6
52,4
52,7
52,1
52,2
52,2
52,8
52,10
52,1
52,0
52,2
52,5
52,4
52,1
52,0
52,7
52,2
52,4
52,2
52,1
52,9
52,6
52,8
52,1
52,2
52,1
52,5
52,0
52,3
52,1
52,5
52,15
52,3
52,4
52,2
52,0
52,1
52,1
52,2
52,4
52,11
52,2
52,6
52,0
52,3
52,1
52,1
52,5
52,1
52,0
52,16
52,2
52,15
52,0
52,1
52,9
52,2
52,0
52,4
52,2
52,5
52,4
52,4
52,10
52,1
52,2
52,5
52,3
52,0
52,3
52,0
52,6
52,11
52,3
52,6
52,2
52,6
52,1
52,1
53,NULL
53,1
53,5
53,5
53,3
53,1
53,9
53,0
53,1
53,1
53,1
53,2
53,1
53,1
53,1
53,0
53,4
53,1
53,5
53,0
53,4
53,7
53,1
53,10
53,1
53,2
53,1
53,1
53,4
53,2
53,8
53,4
53,4
53,2
53,1
53,9
53,1
53,9
53,9
53,6
53,0
53,3
53,1
53,0
53,1
53,1
53,11
53,4
53,2
53,2
53,2
53,2
53,11
53,7
53,6
53,1
53,3
53,5
53,5
53,0
53,15
53,1
53,1
53,2
53,0
53,1
53,5
53,9
53,7
53,5
53,2
53,4
53,0
53,10
53,2
53,1
53,0
53,27
53,0
53,2
53,13
53,4
53,4
53,0
53,1
53,1
53,3
53,2
53,13
53,1
53,4
53,1
53,1
53,6
53,3
53,1
53,3
54,NULL
54,2
54,1
54,1
54,2
54,3
54,1
54,2
54,1
54,1
54,9
54,10
54,0
54,2
54,2
54,1
54,1
54,3
54,3
54,6
54,1
54,5
54,0
54,4
54,2
54,4
54,1
54,4
54,0
54,13
54,0
54,2
54,1
54,6
54,4
54,3
54,2
54,1
54,10
54,0
54,2
54,2
54,1
54,1
54,2
54,20
54,1
54,2
54,1
54,1
54,0
54,3
54,5
54,3
54,0
54,1
54,7
54,0
54,9
54,1
54,0
54,2
54,5
54,1
54,5
54,1
54,1
54,17
54,1
54,2
54,3
54,6
54,1
54,5
54,8
54,5
54,2
54,1
54,11
54,4
54,1
54,6
54,7
54,0
54,10
54,15
54,0
54,5
54,1
54,2
54,1
54,3
54,4
54,3
54,1
54,2
54,8
54,0
54,2
54,2
54,3
54,2
54,5
54,6
54,3
55,NULL
55,1
55,0
55,1
55,0
55,3
55,13
55,0
55,0
55,16
55,3
55,2
55,2
55,6
55,4
55,1
55,0
55,7
55,2
55,2
55,1
55,2
55,2
55,1
55,5
55,2
55,2
55,1
55,10
55,1
55,2
55,6
55,3
55,1
55,0
55,4
55,13
55,3
55,6
55,5
55,9
55,10
55,3
55,1
55,1
55,5
55,5
55,1
55,3
55,1
55,8
55,7
55,0
55,4
55,1
55,1
55,2
55,0
55,2
55,1
55,0
55,17
55,1
55,1
55,7
55,3
55,3
55,1
55,3
55,10
55,5
55,4
55,1
55,5
55,1
55,1
55,2
55,8
55,4
55,2
55,1
55,2
55,2
55,2
55,1
55,1
55,1
55,3
55,3
55,2
55,8
55,0
55,1
55,0
55,2
55,8
55,4
55,1
55,4
55,2
55,15
55,0
55,1
55,2
55,8
55,5
56,NULL
56,3
56,4
56,4
56,2
56,1
56,2
56,15
56,1
56,0
56,5
56,5
56,3
56,2
56,4
56,10
56,4
56,9
56,16
56,2
56,1
56,2
56,1
56,0
56,1
56,2
56,1
56,9
56,1
56,1
56,1
56,16
56,2
56,5
56,1
56,5
56,10
56,0
56,2
56,3
56,6
56,1
56,3
56,1
56,6
56,7
56,2
56,3
56,4
56,2
56,2
56,2
56,2
56,5
56,2
56,14
56,2
56,5
56,2
56,7
56,17
56,5
56,0
56,1
56,1
56,3
56,18
56,3
56,0
56,3
56,1
56,4
56,4
56,1
56,10
56,1
56,3
56,3
56,1
56,1
56,2
56,1
56,6
56,1
56,25
57,NULL
57,0
57,1
57,2
57,6
57,1
57,0
57,1
57,3
57,1
57,0
57,0
57,1
57,0
57,2
57,2
57,20
57,2
57,10
57,13
57,10
57,3
57,4
57,1
57,10
57,2
57,6
57,10
57,1
57,2
57,15
57,1
57,3
57,0
57,2
57,8
57,1
57,7
57,6
57,4
57,0
57,7
57,1
57,1
57,1
57,11
57,2
57,0
57,1
57,0
57,9
57,3
57,3
57,2
57,10
57,2
57,0
57,12
57,0
57,3
57,1
57,4
57,10
57,1
57,1
57,1
57,6
57,1
57,3
57,2
57,1
57,2
57,12
57,1
57,0
57,1
57,5
57,0
57,3
57,0
57,5
57,1
57,1
57,13
57,1
57,0
57,4
57,0
57,1
57,12
57,2
57,3
57,10
57,1
57,5
57,1
57,3
57,1
57,5
57,5
58,NULL
58,2
58,0
58,4
58,0
58,0
58,2
58,2
58,2
58,3
58,6
58,12
58,1
58,1
58,4
58,1
58,1
58,1
58,1
58,3
58,7
58,0
58,6
58,0
58,3
58,3
58,3
58,3
58,7
58,1
58,2
58,12
58,3
58,1
58,2
58,2
58,0
58,0
58,7
58,6
58,6
58,1
58,6
58,25
58,1
58,3
58,2
58,1
58,0
58,8
58,2
58,5
58,7
58,4
58,5
58,6
58,3
58,30
58,2
58,4
58,11
58,1
58,5
58,0
58,8
58,0
58,0
58,1
58,2
58,3
58,0
58,1
58,0
58,6
58,14
58,4
58,3
58,2
58,9
58,0
58,2
58,0
58,1
58,10
58,5
58,4
58,7
58,0
58,6
58,1
58,2
58,1
58,6
58,2
58,0
58,1
58,2
59,NULL
59,7
59,1
59,9
59,4
59,12
59,11
59,1
59,1
59,1
59,4
59,2
59,5
59,0
59,0
59,0
59,1
59,2
59,2
59,1
59,5
59,1
59,1
59,0
59,1
59,1
59,1
59,5
59,10
59,2
59,1
59,1
59,1
59,3
59,2
59,0
59,2
59,4
59,0
59,0
59,2
59,1
59,13
59,1
59,0
59,8
59,2
59,1
59,0
59,2
59,1
59,0
59,2
59,16
59,3
59,5
59,5
59,6
59,8
59,6
59,1
59,2
59,0
59,4
59,6
59,25
59,7
59,15
59,9
59,0
59,2
59,1
59,14
59,2
59,0
59,5
59,4
59,3
59,2
59,2
59,1
59,1
59,1
59,10
59,4
59,1
59,0
59,5
59,1
59,9
59,2
59,1
59,6
59,4
59,2
59,1
59,6
59,6
60,NULL
60,3
60,1
60,0
60,3
60,3
60,2
60,1
60,3
60,3
60,0
60,2
60,12
60,1
60,1
60,3
60,4
60,11
60,0
60,5
60,4
60,0
60,5
60,1
60,2
60,3
60,8
60,0
60,7
60,1
60,2
60,2
60,0
60,4
60,1
60,1
60,6
60,1
60,4
60,2
60,0
60,12
60,1
60,12
60,17
60,2
60,3
60,0
60,3
60,2
60,0
60,3
60,2
60,15
60,5
60,3
60,20
60,5
60,1
60,6
60,0
60,1
60,1
60,4
60,1
60,2
60,19
60,11
60,9
60,4
60,0
60,1
60,8
60,6
60,1
60,0
60,2
60,8
60,3
60,5
60,0
60,0
60,4
60,11
60,0
60,7
60,2
60,0
60,3
60,4
60,3
60,1
61,NULL
61,2
61,7
61,1
61,4
61,0
61,6
61,12
61,2
61,0
61,3
61,2
61,1
61,4
61,4
61,0
61,1
61,2
61,9
61,4
61,1
61,4
61,4
61,3
61,3
61,2
61,7
61,4
61,4
61,4
61,0
61,2
61,6
61,2
61,15
61,6
61,2
61,0
61,0
61,2
61,0
61,6
61,1
61,14
61,4
61,2
61,2
61,1
61,0
61,7
61,9
61,3
61,8
61,6
61,1
61,12
61,3
61,0
61,7
61,3
61,2
61,2
61,3
61,12
61,2
61,2
61,5
61,0
61,1
61,4
61,3
61,11
61,1
61,3
61,1
61,2
61,5
61,8
61,18
61,0
61,1
61,1
61,4
61,1
61,1
61,2
61,6
61,1
61,0
61,9
61,1
61,2
61,0
61,1
61,3
61,1
61,4
62,NULL
62,1
62,3
62,3
62,3
62,9
62,1
62,0
62,1
62,9
62,4
62,6
62,2
62,0
62,5
62,4
62,1
62,9
62,2
62,3
62,6
62,2
62,2
62,3
62,2
62,7
62,13
62,8
62,2
62,9
62,8
62,1
62,0
62,0
62,4
62,6
62,1
62,2
62,9
62,5
62,4
62,1
62,1
62,4
62,1
62,6
62,6
62,3
62,10
62,2
62,1
62,5
62,10
62,1
62,1
62,0
62,1
62,4
62,5
62,2
62,5
62,0
62,2
62,1
62,11
62,0
62,0
62,1
62,1
62,2
62,2
62,4
62,5
62,2
62,1
62,10
62,1
62,3
62,0
62,1
62,2
62,15
62,12
62,1
62,1
62,3
62,15
62,9
62,12
62,1
62,3
62,1
62,1
63,NULL
63,2
63,1
63,2
63,0
63,1
63,3
63,5
63,3
63,2
63,2
63,9
63,3
63,3
63,9
63,2
63,1
63,4
63,5
63,0
63,2
63,3
63,2
63,7
63,3
63,0
63,4
63,2
63,11
63,0
63,1
63,3
63,4
63,0
63,2
63,3
63,0
63,5
63,1
63,10
63,1
63,5
63,1
63,1
63,1
63,3
63,1
63,6
63,0
63,1
63,10
63,2
63,4
63,7
63,1
63,4
63,2
63,8
63,1
63,0
63,2
63,0
63,6
63,2
63,6
63,4
63,14
63,1
63,3
63,1
63,2
63,6
63,3
63,1
63,2
63,16
63,1
63,0
63,0
63,2
63,2
63,10
63,7
63,4
63,1
63,5
63,1
63,1
63,1
63,6
63,1
63,13
63,2
63,1
63,1
63,2
63,1
63,4
63,0
63,2
63,2
63,1
63,17
63,1
63,7
63,1
63,1
63,2
63,1
63,2
63,0
63,3
63,1
64,NULL
64,8
64,2
64,5
64,0
64,1
64,0
64,3
64,3
64,13
64,1
64,0
64,0
64,1
64,3
64,2
64,0
64,2
64,3
64,6
64,0
64,6
64,2
64,4
64,0
64,1
64,0
64,1
64,0
64,1
64,1
64,2
64,0
64,1
64,2
64,2
64,2
64,2
64,14
64,1
64,1
64,2
64,0
64,3
64,1
64,3
64,0
64,3
64,4
64,7
64,1
64,1
64,2
64,3
64,4
64,3
64,4
64,3
64,10
64,1
64,3
64,12
64,16
64,0
64,1
64,2
64,3
64,2
64,2
64,0
64,3
64,16
64,11
64,4
64,3
64,1
64,3
64,2
64,14
64,3
64,4
64,0
64,1
64,1
64,3
64,4
64,1
64,7
64,0
64,4
64,5
64,1
64,2
64,1
64,1
64,2
64,2
64,0
64,5
64,10
64,1
64,0
64,7
64,2
64,1
64,4
64,12
64,0
64,5
64,6
64,0
64,9
64,3
64,0
65,NULL
65,7
65,1
65,1
65,2
65,1
65,0
65,5
65,12
65,8
65,8
65,5
65,9
65,5
65,0
65,1
65,0
65,1
65,2
65,4
65,16
65,10
65,1
65,1
65,6
65,1
65,11
65,0
65,6
65,1
65,1
65,0
65,7
65,1
65,0
65,1
65,13
65,0
65,1
65,13
65,1
65,3
65,1
65,2
65,0
65,9
65,4
65,1
65,3
65,6
65,3
65,2
65,0
65,11
65,0
65,2
65,0
65,1
65,2
65,2
65,1
65,7
65,2
65,6
65,10
65,4
65,1
65,1
65,5
65,1
65,2
65,1
65,4
65,1
65,14
65,1
65,0
65,4
65,2
65,26
65,11
65,2
65,9
65,3
65,2
65,2
65,2
65,12
65,0
66,NULL
66,3
66,2
66,1
66,0
66,3
66,1
66,28
66,1
66,0
66,0
66,1
66,0
66,7
66,0
66,4
66,10
66,6
66,2
66,3
66,2
66,3
66,1
66,1
66,11
66,1
66,7
66,1
66,2
66,8
66,1
66,12
66,5
66,2
66,1
66,2
66,1
66,0
66,3
66,4
66,8
66,3
66,4
66,0
66,1
66,3
66,0
66,1
66,1
66,3
66,2
66,3
66,1
66,1
66,0
66,6
66,9
66,2
66,1
66,0
66,4
66,0
66,1
66,2
66,4
66,11
66,1
66,4
66,1
66,0
66,3
66,1
66,2
66,23
66,5
66,1
66,0
66,8
66,1
66,9
66,3
66,5
66,1
66,6
66,0
66,1
66,7
66,7
66,7
66,2
66,2
66,6
66,0
66,16
66,1
66,5
66,2
66,4
66,3
67,NULL
67,1
67,4
67,3
67,1
67,1
67,1
67,1
67,2
67,2
67,2
67,15
67,0
67,3
67,2
67,1
67,2
67,5
67,1
67,1
67,2
67,5
67,2
67,0
67,1
67,2
67,0
67,8
67,6
67,4
67,9
67,5
67,1
67,5
67,0
67,0
67,4
67,2
67,12
67,1
67,3
67,4
67,5
67,7
67,0
67,0
67,10
67,11
67,1
67,1
67,3
67,1
67,0
67,7
67,6
67,0
67,1
67,4
67,7
67,7
67,1
67,1
67,1
67,1
67,1
67,7
67,3
67,4
67,1
67,1
67,0
67,2
67,2
67,0
67,1
67,1
67,0
67,2
67,1
67,2
67,20
67,4
67,1
67,0
67,0
67,1
67,1
67,3
67,12
67,2
67,0
67,4
67,1
67,15
67,9
67,4
67,2
67,12
67,1
67,2
67,1
67,7
67,2
67,1
67,5
67,1
67,2
67,2
67,2
67,2
67,1
67,4
67,2
68,NULL
68,6
68,1
68,0
68,1
68,0
68,1
68,1
68,0
68,2
68,0
68,4
68,3
68,16
68,6
68,1
68,3
68,0
68,1
68,5
68,1
68,9
68,8
68,3
68,1
68,7
68,10
68,5
68,6
68,3
68,5
68,0
68,1
68,12
68,8
68,2
68,2
68,2
68,1
68,1
68,1
68,2
68,3
68,8
68,5
68,0
68,9
68,6
68,10
68,1
68,6
68,0
68,8
68,0
68,16
68,0
68,4
68,7
68,0
68,4
68,3
68,2
68,10
68,5
68,1
68,5
68,0
68,4
68,5
68,4
68,9
68,11
68,3
68,1
68,1
68,1
68,1
68,2
68,9
68,8
68,8
68,0
68,5
68,1
68,1
68,11
68,3
68,7
68,2
68,5
68,1
69,NULL
69,0
69,3
69,0
69,1
69,13
69,1
69,1
69,1
69,1
69,1
69,0
69,11
69,0
69,4
69,3
69,4
69,3
69,1
69,4
69,1
69,8
69,2
69,0
69,2
69,1
69,0
69,4
69,0
69,0
69,3
69,3
69,1
69,1
69,0
69,1
69,1
69,1
69,25
69,1
69,3
69,3
69,8
69,5
69,5
69,4
69,7
69,10
69,2
69,5
69,2
69,1
69,2
69,1
69,2
69,2
69,3
69,0
69,1
69,1
69,1
69,0
69,0
69,6
69,3
69,0
69,2
69,0
69,0
69,14
69,3
69,1
69,0
69,8
69,1
69,5
69,3
69,1
69,1
69,1
69,3
69,19
69,0
69,3
69,0
69,1
69,2
69,10
69,0
69,5
69,15
69,2
69,2
69,1
69,1
69,1
69,1
69,1
69,1
69,0
69,2
69,10
69,0
69,0
69,1
69,2
69,4
69,4
69,2
69,2
69,3
69,1
69,2
69,1
69,0
69,9
69,9
69,1
69,0
69,3
69,4
69,1
69,2
69,3
69,0
70,NULL
70,1
70,0
70,1
70,1
70,1
70,1
70,2
70,0
70,1
70,1
70,3
70,9
70,13
70,5
70,4
70,1
70,4
70,2
70,0
70,1
70,1
70,1
70,0
70,4
70,1
70,1
70,1
70,3
70,6
70,2
70,5
70,4
70,10
70,0
70,2
70,4
70,6
70,2
70,4
70,2
70,13
70,2
70,5
70,2
70,0
70,2
70,4
70,1
70,0
70,20
70,5
70,0
70,0
70,15
70,2
70,4
70,7
70,0
70,0
70,18
70,15
70,5
70,1
70,19
70,0
70,1
70,0
70,5
70,2
70,0
70,6
70,8
70,1
70,2
70,5
70,1
70,2
70,3
70,2
70,3
70,14
70,1
70,7
70,0
70,1
70,0
70,3
70,3
70,2
70,4
70,0
70,6
70,2
70,7
70,3
70,0
70,1
70,5
70,0
71,NULL
71,9
71,1
71,0
71,1
71,19
71,2
71,3
71,3
71,1
71,11
71,3
71,4
71,0
71,1
71,0
71,4
71,0
71,0
71,4
71,5
71,8
71,2
71,3
71,1
71,0
71,6
71,1
71,1
71,4
71,1
71,0
71,1
71,1
71,12
71,2
71,2
71,1
71,1
71,1
71,1
71,8
71,2
71,0
71,10
71,7
71,1
71,3
71,2
71,0
71,5
71,2
71,1
71,0
71,13
71,13
71,0
71,4
71,1
71,0
71,12
71,0
71,3
71,3
71,0
71,0
71,4
71,9
71,8
71,1
71,1
71,4
71,5
71,1
71,1
71,3
71,2
71,2
71,3
71,1
71,13
71,1
71,5
71,0
71,1
71,5
71,3
71,11
71,2
71,0
71,3
71,8
71,3
71,3
71,1
71,2
71,6
71,7
71,2
71,2
71,2
71,1
71,0
71,2
71,5
71,0
71,2
72,NULL
72,3
72,2
72,6
72,5
72,6
72,0
72,8
72,1
72,0
72,1
72,3
72,4
72,0
72,11
72,2
72,5
72,1
72,2
72,1
72,7
72,2
72,3
72,1
72,0
72,1
72,0
72,15
72,2
72,1
72,0
72,3
72,3
72,0
72,1
72,0
72,2
72,6
72,1
72,3
72,10
72,3
72,3
72,7
72,0
72,3
72,1
72,10
72,0
72,1
72,1
72,1
72,1
72,7
72,2
72,5
72,5
72,7
72,1
72,0
72,1
72,2
72,0
72,2
72,1
72,4
72,2
72,1
72,1
72,0
72,3
72,3
72,1
72,9
72,6
72,1
72,10
72,14
72,3
72,2
72,6
72,3
72,2
72,2
72,12
72,3
72,1
72,3
72,2
72,1
72,3
72,1
72,0
72,1
72,1
72,3
72,14
72,2
72,2
72,4
72,3
72,2
72,1
72,1
72,1
72,1
72,1
72,12
72,4
72,2
72,7
72,5
73,NULL
73,2
73,1
73,1
73,5
73,1
73,1
73,3
73,0
73,0
73,1
73,11
73,3
73,1
73,0
73,5
73,0
73,1
73,1
73,3
73,5
73,0
73,1
73,3
73,14
73,2
73,4
73,2
73,4
73,10
73,1
73,1
73,0
73,2
73,9
73,5
73,2
73,3
73,9
73,1
73,6
73,0
73,4
73,1
73,2
73,16
73,6
73,3
73,1
73,2
73,6
73,1
73,1
73,2
73,0
73,6
73,1
73,1
73,2
73,1
73,0
73,10
73,0
73,0
73,1
73,1
73,7
73,21
73,6
73,1
73,0
73,1
73,2
73,0
73,8
73,1
73,3
73,2
73,2
73,1
73,3
73,6
73,0
73,4
73,7
73,2
73,3
73,2
73,4
73,1
73,20
73,8
73,4
73,3
73,7
73,1
73,0
73,6
73,3
73,1
73,0
73,7
73,5
73,7
74,NULL
74,1
74,3
74,4
74,0
74,1
74,2
74,10
74,3
74,9
74,7
74,2
74,23
74,0
74,2
74,5
74,1
74,2
74,4
74,2
74,1
74,1
74,7
74,0
74,1
74,0
74,4
74,0
74,2
74,1
74,1
74,2
74,10
74,1
74,0
74,0
74,11
74,1
74,4
74,1
74,3
74,2
74,3
74,3
74,3
74,10
74,3
74,1
74,4
74,1
74,3
74,7
74,9
74,5
74,4
74,1
74,7
74,4
74,10
74,5
74,3
74,1
74,14
74,1
74,12
74,0
74,1
74,3
74,1
74,5
74,3
74,0
74,2
74,0
74,3
74,0
74,0
74,7
74,3
74,1
74,7
74,3
74,2
74,5
74,3
74,11
74,3
74,1
74,1
74,2
74,2
74,0
74,2
74,0
74,1
74,1
74,1
74,3
74,1
74,11
74,2
74,0
74,1
74,0
74,4
74,1
74,2
74,1
74,7
74,1
74,2
75,NULL
75,6
75,9
75,1
75,0
75,1
75,0
75,10
75,2
75,2
75,7
75,3
75,6
75,8
75,2
75,0
75,0
75,3
75,1
75,2
75,4
75,22
75,3
75,2
75,0
75,2
75,1
75,4
75,4
75,12
75,3
75,5
75,1
75,3
75,2
75,1
75,3
75,3
75,11
75,4
75,3
75,11
75,3
75,13
75,0
75,5
75,1
75,2
75,2
75,3
75,1
75,1
75,1
75,0
75,16
75,4
75,0
75,6
75,1
75,4
75,14
75,3
75,4
75,1
75,5
75,1
75,13
75,6
75,3
75,1
75,1
75,1
75,1
75,1
75,2
75,1
75,1
75,1
75,1
75,12
75,0
75,3
75,0
75,1
75,5
75,1
75,19
75,1
75,9
75,6
75,1
75,3
75,1
75,0
76,NULL
76,6
76,4
76,1
76,1
76,2
76,2
76,1
76,2
76,2
76,10
76,3
76,0
76,4
76,1
76,7
76,2
76,11
76,0
76,6
76,1
76,0
76,4
76,3
76,6
76,0
76,2
76,1
76,0
76,0
76,1
76,0
76,9
76,1
76,5
76,0
76,3
76,4
76,0
76,2
76,0
76,13
76,1
76,2
76,0
76,1
76,0
76,2
76,2
76,2
76,1
76,0
76,2
76,1
76,1
76,4
76,5
76,7
76,1
76,0
76,1
76,1
76,2
76,1
76,4
76,1
76,4
76,0
76,4
76,3
76,9
76,1
76,8
76,1
76,0
76,1
76,2
76,1
76,0
76,4
76,4
76,1
76,7
76,1
76,3
76,0
76,0
76,7
76,5
76,4
76,1
76,3
76,7
76,3
76,1
76,4
76,1
76,1
76,7
76,1
76,5
76,1
76,6
76,3
76,0
76,4
76,0
76,0
76,1
76,3
76,1
76,5
76,1
76,2
76,1
76,10
76,1
76,0
76,1
76,1
76,3
76,3
76,2
76,2
76,3
76,3
76,13
76,0
76,0
76,0
76,3
76,0
76,0
76,1
77,NULL
77,1
77,1
77,0
77,5
77,2
77,9
77,1
77,9
77,1
77,4
77,1
77,2
77,3
77,6
77,5
77,5
77,0
77,4
77,0
77,7
77,4
77,1
77,6
77,1
77,1
77,7
77,1
77,0
77,5
77,2
77,8
77,0
77,3
77,3
77,1
77,7
77,7
77,7
77,4
77,1
77,3
77,2
77,12
77,0
77,3
77,1
77,6
77,0
77,6
77,3
77,7
77,2
77,4
77,2
77,8
77,3
77,14
77,0
77,7
77,1
77,0
77,1
77,5
77,1
77,2
77,2
77,9
77,1
77,1
77,2
77,1
77,2
77,4
77,0
77,2
77,0
77,1
77,0
77,0
77,1
77,0
77,6
77,0
77,11
77,0
77,2
77,0
77,4
77,3
77,1
77,2
77,4
77,3
77,1
77,9
77,9
77,10
77,4
77,12
77,8
77,3
77,1
77,1
77,1
77,4
78,NULL
78,4
78,7
78,3
78,5
78,2
78,10
78,11
78,1
78,3
78,1
78,7
78,0
78,6
78,7
78,3
78,0
78,2
78,1
78,0
78,2
78,1
78,5
78,10
78,1
78,2
78,1
78,2
78,3
78,3
78,6
78,1
78,2
78,1
78,8
78,4
78,2
78,2
78,4
78,1
78,4
78,3
78,13
78,2
78,0
78,3
78,15
78,0
78,13
78,1
78,5
78,5
78,14
78,1
78,4
78,0
78,4
78,0
78,3
78,4
78,1
78,2
78,4
78,0
78,7
78,1
78,0
78,0
78,1
78,2
78,1
78,0
78,2
78,1
78,2
78,6
78,2
78,0
78,1
78,5
78,6
78,3
78,4
78,7
78,1
78,0
78,0
78,0
78,5
78,3
78,10
78,2
78,9
78,7
78,1
78,0
78,9
78,0
78,5
78,1
78,1
78,0
78,11
78,3
78,0
78,1
78,1
78,0
78,0
79,NULL
79,12
79,6
79,2
79,9
79,1
79,2
79,1
79,1
79,1
79,0
79,8
79,3
79,1
79,1
79,4
79,24
79,4
79,8
79,3
79,7
79,4
79,1
79,2
79,3
79,3
79,1
79,6
79,1
79,0
79,5
79,2
79,0
79,4
79,3
79,2
79,4
79,2
79,9
79,2
79,0
79,2
79,0
79,0
79,3
79,15
79,1
79,6
79,4
79,1
79,3
79,2
79,2
79,2
79,8
79,0
79,0
79,2
79,7
79,1
79,5
79,5
79,2
79,2
79,2
79,2
79,3
79,0
79,9
79,2
79,2
79,4
79,2
79,1
79,1
79,0
79,0
79,1
79,3
79,2
79,18
79,2
79,1
79,3
79,3
79,0
79,1
79,21
79,1
79,5
79,1
79,4
79,1
79,3
79,12
79,1
79,1
79,2
79,1
79,1
79,1
79,0
79,1
79,1
79,1
79,10
79,0
80,NULL
80,2
80,0
80,3
80,1
80,0
80,11
80,3
80,9
80,1
80,7
80,0
80,1
80,1
80,4
80,3
80,10
80,3
80,7
80,1
80,2
80,3
80,1
80,1
80,1
80,1
80,1
80,10
80,1
80,12
80,4
80,16
80,7
80,5
80,2
80,0
80,2
80,1
80,2
80,9
80,0
80,2
80,2
80,1
80,0
80,1
80,4
80,4
80,1
80,0
80,0
80,0
80,6
80,2
80,6
80,1
80,1
80,2
80,0
80,3
80,2
80,0
80,3
80,7
80,1
80,11
80,3
80,1
80,2
80,0
80,1
80,1
80,7
80,3
80,5
80,11
80,4
80,2
80,2
80,2
80,5
80,12
80,6
80,2
80,7
80,4
80,0
80,1
80,1
80,0
80,1
80,1
80,0
80,8
80,0
80,5
80,27
80,2
80,1
80,1
80,8
80,2
80,6
81,NULL
81,5
81,5
81,0
81,3
81,5
81,4
81,7
81,9
81,6
81,5
81,3
81,1
81,4
81,5
81,3
81,4
81,7
81,2
81,3
81,9
81,1
81,8
81,0
81,2
81,11
81,6
81,2
81,1
81,3
81,1
81,12
81,4
81,9
81,5
81,8
81,8
81,1
81,12
81,9
81,5
81,12
81,5
81,5
81,0
81,5
81,3
81,1
81,1
81,1
81,11
81,3
81,7
81,2
81,2
81,6
81,3
81,10
81,0
81,0
81,2
81,1
81,0
81,0
81,1
81,5
81,18
81,2
81,3
81,0
81,2
81,9
81,3
81,2
81,0
81,10
81,1
81,2
81,5
81,1
81,1
81,1
81,2
81,5
81,3
82,NULL
82,11
82,8
82,1
82,1
82,8
82,0
82,1
82,1
82,4
82,5
82,2
82,17
82,2
82,1
82,0
82,6
82,1
82,8
82,12
82,11
82,4
82,3
82,1
82,0
82,12
82,6
82,5
82,2
82,2
82,3
82,2
82,8
82,1
82,1
82,5
82,1
82,4
82,1
82,0
82,2
82,7
82,2
82,8
82,1
82,3
82,1
82,3
82,1
82,0
82,3
82,2
82,0
82,0
82,2
82,1
82,0
82,0
82,4
82,0
82,16
82,7
82,2
82,3
82,1
82,10
82,3
82,10
82,1
82,2
82,0
82,7
82,9
82,4
82,5
82,0
82,1
82,3
82,1
82,2
82,1
82,1
82,2
82,2
82,0
82,11
82,2
82,9
82,1
82,0
82,7
82,7
82,3
82,3
82,2
82,4
82,1
82,1
82,0
82,2
82,4
82,2
82,0
82,1
82,0
83,NULL
83,1
83,1
83,1
83,1
83,6
83,1
83,3
83,2
83,5
83,8
83,2
83,3
83,4
83,6
83,5
83,8
83,2
83,5
83,2
83,1
83,0
83,2
83,3
83,18
83,1
83,0
83,5
83,4
83,1
83,0
83,8
83,12
83,3
83,1
83,2
83,4
83,20
83,4
83,8
83,2
83,0
83,1
83,5
83,10
83,5
83,0
83,3
83,2
83,12
83,11
83,2
83,2
83,0
83,3
83,0
83,0
83,7
83,2
83,2
83,1
83,9
83,1
83,0
83,3
83,4
83,3
83,1
83,0
83,3
83,1
83,7
83,7
83,0
83,1
83,2
83,13
83,0
83,1
83,6
83,7
83,0
83,1
83,8
83,2
83,2
83,2
83,2
83,2
83,2
83,10
83,4
83,3
83,2
83,1
83,4
83,7
84,NULL
84,6
84,0
84,4
84,4
84,4
84,1
84,0
84,4
84,1
84,7
84,5
84,0
84,1
84,2
84,1
84,6
84,2
84,2
84,1
84,1
84,9
84,2
84,1
84,1
84,1
84,5
84,0
84,0
84,3
84,7
84,2
84,0
84,9
84,0
84,2
84,2
84,2
84,1
84,4
84,2
84,0
84,6
84,1
84,8
84,3
84,1
84,4
84,3
84,2
84,1
84,5
84,2
84,1
84,2
84,7
84,4
84,1
84,9
84,2
84,2
84,23
84,4
84,1
84,1
84,15
84,4
84,2
84,0
84,5
84,2
84,0
84,0
84,7
84,0
84,0
84,1
84,0
84,11
84,1
84,3
84,0
84,1
84,1
84,1
84,2
84,0
84,2
84,3
84,6
84,8
84,8
84,13
84,0
84,3
84,7
84,4
84,1
84,13
84,15
84,6
84,1
84,1
84,0
84,6
84,6
84,1
85,NULL
85,0
85,1
85,1
85,2
85,0
85,4
85,1
85,1
85,1
85,3
85,0
85,1
85,1
85,15
85,2
85,12
85,2
85,4
85,7
85,4
85,0
85,3
85,2
85,1
85,3
85,6
85,0
85,1
85,9
85,5
85,1
85,2
85,8
85,4
85,3
85,8
85,2
85,3
85,1
85,8
85,1
85,3
85,3
85,0
85,1
85,7
85,0
85,7
85,0
85,2
85,0
85,9
85,5
85,1
85,8
85,0
85,4
85,1
85,7
85,17
85,3
85,1
85,2
85,4
85,0
85,4
85,0
85,1
85,3
85,1
85,16
85,11
85,1
85,5
85,0
85,1
85,8
85,0
85,3
85,0
85,2
85,3
85,2
85,0
85,2
85,1
85,2
85,1
85,0
85,2
85,0
85,14
85,5
85,7
85,0
85,6
85,3
85,10
85,5
85,4
85,1
85,1
85,5
85,3
85,1
86,NULL
86,4
86,1
86,3
86,7
86,0
86,1
86,12
86,1
86,33
86,7
86,1
86,3
86,12
86,1
86,1
86,5
86,5
86,9
86,1
86,8
86,2
86,0
86,0
86,4
86,3
86,7
86,4
86,0
86,1
86,1
86,2
86,7
86,1
86,6
86,0
86,6
86,0
86,4
86,4
86,3
86,17
86,2
86,0
86,2
86,0
86,0
86,20
86,9
86,20
86,2
86,3
86,13
86,0
86,3
86,9
86,5
86,6
86,3
86,15
86,0
86,1
86,1
86,1
86,5
86,8
86,1
86,7
86,7
86,0
86,1
86,1
86,6
86,5
86,4
87,NULL
87,5
87,0
87,3
87,0
87,4
87,3
87,2
87,0
87,14
87,0
87,0
87,4
87,1
87,1
87,3
87,2
87,0
87,3
87,2
87,1
87,0
87,3
87,9
87,2
87,1
87,5
87,1
87,0
87,2
87,2
87,1
87,0
87,2
87,15
87,2
87,1
87,7
87,8
87,0
87,0
87,0
87,3
87,7
87,0
87,6
87,4
87,0
87,2
87,2
87,7
87,1
87,9
87,6
87,2
87,2
87,5
87,1
87,1
87,12
87,1
87,1
87,1
87,2
87,4
87,3
87,2
87,6
87,0
87,3
87,1
87,7
87,5
87,2
87,4
87,3
87,7
87,1
87,16
87,1
87,1
87,1
87,0
87,1
87,0
87,1
87,1
87,2
87,0
87,5
87,12
87,2
87,12
87,2
87,3
87,2
87,8
87,3
87,2
87,2
87,4
87,3
87,9
87,7
87,0
87,2
87,6
87,3
87,2
87,0
87,1
87,1
87,1
88,NULL
88,3
88,11
88,1
88,4
88,1
88,1
88,12
88,4
88,1
88,1
88,5
88,1
88,3
88,0
88,2
88,4
88,7
88,0
88,1
88,3
88,3
88,5
88,5
88,3
88,1
88,7
88,1
88,2
88,0
88,5
88,2
88,8
88,2
88,2
88,9
88,4
88,0
88,1
88,0
88,2
88,6
88,0
88,2
88,0
88,1
88,2
88,3
88,1
88,1
88,12
88,6
88,1
88,1
88,5
88,3
88,3
88,12
88,3
88,7
88,4
88,1
88,1
88,2
88,0
88,12
88,4
88,0
88,1
88,7
88,4
88,12
88,3
88,0
88,1
88,3
88,2
88,4
88,2
88,3
88,10
88,2
88,5
88,1
88,5
88,2
88,1
88,2
88,2
88,2
88,10
88,6
88,0
88,3
88,3
88,5
88,4
88,12
88,0
88,10
88,7
88,0
89,NULL
89,3
89,2
89,4
89,6
89,5
89,1
89,12
89,2
89,2
89,2
89,4
89,1
89,4
89,1
89,0
89,14
89,3
89,5
89,4
89,4
89,13
89,7
89,5
89,3
89,5
89,8
89,1
89,5
89,4
89,2
89,0
89,0
89,3
89,7
89,0
89,2
89,8
89,4
89,4
89,6
89,6
89,2
89,7
89,2
89,2
89,1
89,0
89,1
89,1
89,4
89,1
89,2
89,0
89,2
89,1
89,0
89,1
89,2
89,12
89,2
89,0
89,1
89,3
89,3
89,4
89,1
89,4
89,2
89,2
89,12
89,2
89,1
89,3
89,7
89,2
89,2
89,0
89,3
89,6
89,2
89,5
89,4
89,5
89,3
89,18
89,1
89,2
89,4
89,0
89,5
89,2
89,0
89,1
89,9
89,1
89,0
89,2
89,5
89,1
89,9
89,2
89,3
90,NULL
90,2
90,3
90,1
90,1
90,2
90,7
90,2
90,1
90,1
90,1
90,21
90,6
90,1
90,0
90,7
90,6
90,1
90,3
90,1
90,2
90,3
90,1
90,17
90,0
90,4
90,8
90,8
90,0
90,9
90,6
90,0
90,1
90,2
90,3
90,6
90,16
90,2
90,0
90,1
90,2
90,1
90,4
90,1
90,1
90,0
90,1
90,0
90,1
90,4
90,7
90,2
90,3
90,1
90,1
90,7
90,9
90,1
90,9
90,1
90,0
90,1
90,2
90,1
90,6
90,6
90,1
90,1
90,18
90,6
90,0
90,2
90,17
90,9
90,5
90,3
90,17
90,1
90,9
90,1
90,1
90,5
90,8
90,0
90,3
90,0
90,7
90,3
90,10
91,NULL
91,4
91,2
91,0
91,3
91,6
91,1
91,5
91,0
91,1
91,12
91,1
91,5
91,7
91,2
91,1
91,2
91,2
91,5
91,1
91,2
91,0
91,5
91,10
91,6
91,12
91,1
91,2
91,3
91,1
91,4
91,3
91,2
91,1
91,0
91,0
91,10
91,4
91,9
91,0
91,2
91,6
91,8
91,5
91,1
91,5
91,2
91,3
91,1
91,6
91,0
91,7
91,5
91,8
91,0
91,1
91,18
91,2
91,1
91,3
91,1
91,1
91,0
91,10
91,5
91,0
91,7
91,0
91,3
91,0
91,7
91,6
91,19
91,7
91,2
91,1
91,4
91,1
91,1
91,0
91,21
91,4
91,0
91,0
91,23
91,0
91,1
91,2
91,1
91,2
91,2
92,NULL
92,2
92,0
92,23
92,3
92,2
92,7
92,2
92,4
92,12
92,6
92,5
92,3
92,2
92,0
92,3
92,0
92,0
92,9
92,5
92,1
92,2
92,4
92,4
92,1
92,2
92,3
92,8
92,3
92,4
92,2
92,2
92,8
92,12
92,0
92,4
92,0
92,5
92,3
92,4
92,1
92,2
92,0
92,1
92,4
92,10
92,1
92,2
92,2
92,3
92,7
92,1
92,2
92,0
92,1
92,10
92,5
92,1
92,5
92,2
92,9
92,8
92,1
92,1
92,8
92,1
92,2
92,0
92,1
92,2
92,4
92,9
92,3
92,10
92,5
92,4
92,2
92,11
92,7
92,4
92,15
92,5
92,7
92,4
92,2
92,1
93,NULL
93,2
93,5
93,3
93,0
93,1
93,4
93,1
93,1
93,2
93,1
93,16
93,2
93,5
93,1
93,1
93,1
93,1
93,3
93,3
93,6
93,7
93,3
93,12
93,0
93,9
93,3
93,4
93,2
93,1
93,7
93,1
93,1
93,16
93,4
93,5
93,3
93,4
93,12
93,4
93,6
93,12
93,0
93,8
93,5
93,5
93,7
93,0
93,1
93,3
93,0
93,10
93,3
93,3
93,1
93,2
93,5
93,1
93,0
93,14
93,3
93,0
93,2
93,1
93,1
93,0
93,6
93,3
93,3
93,24
93,0
93,4
93,20
93,3
93,6
93,5
93,0
93,1
93,1
93,8
93,4
93,1
93,3
93,1
93,2
93,0
93,3
93,9
94,NULL
94,1
94,5
94,2
94,4
94,1
94,2
94,17
94,0
94,1
94,2
94,0
94,0
94,2
94,3
94,2
94,4
94,2
94,1
94,13
94,7
94,3
94,2
94,4
94,1
94,11
94,0
94,2
94,3
94,4
94,0
94,5
94,0
94,3
94,0
94,12
94,3
94,3
94,2
94,4
94,19
94,1
94,4
94,0
94,1
94,1
94,0
94,3
94,2
94,7
94,1
94,9
94,2
94,0
94,0
94,3
94,2
94,4
94,0
94,1
94,2
94,0
94,1
94,3
94,1
94,10
94,2
94,8
94,0
94,9
94,1
94,1
94,1
94,25
94,5
94,1
94,1
94,0
94,1
94,9
94,11
94,1
94,2
94,18
94,2
94,1
94,0
94,3
94,2
94,1
94,0
94,1
94,1
94,0
94,3
94,3
94,16
94,1
94,1
94,3
94,7
94,3
95,NULL
95,3
95,2
95,2
95,4
95,5
95,8
95,10
95,3
95,3
95,0
95,2
95,3
95,8
95,1
95,1
95,2
95,0
95,8
95,2
95,2
95,2
95,1
95,13
95,0
95,2
95,2
95,4
95,2
95,17
95,10
95,1
95,5
95,1
95,2
95,3
95,2
95,9
95,4
95,1
95,10
95,1
95,5
95,1
95,9
95,4
95,3
95,3
95,2
95,7
95,1
95,0
95,9
95,4
95,0
95,1
95,1
95,2
95,0
95,4
95,7
95,4
95,13
95,6
95,2
95,1
95,15
95,0
95,5
95,4
95,0
95,2
95,0
95,4
95,22
95,1
95,4
95,1
95,4
95,3
95,3
95,13
95,0
95,1
95,1
95,0
95,3
95,1
95,2
95,2
95,5
96,NULL
96,8
96,1
96,10
96,0
96,0
96,1
96,1
96,1
96,1
96,1
96,7
96,3
96,4
96,0
96,3
96,3
96,4
96,0
96,3
96,9
96,0
96,5
96,0
96,7
96,27
96,1
96,6
96,0
96,1
96,3
96,1
96,0
96,3
96,11
96,0
96,7
96,6
96,1
96,2
96,1
96,2
96,10
96,4
96,1
96,13
96,9
96,8
96,1
96,2
96,1
96,1
96,0
96,1
96,0
96,5
96,14
96,5
96,2
96,1
96,4
96,5
96,3
96,9
96,1
96,1
96,1
96,0
96,5
96,0
96,10
96,1
96,1
96,0
96,2
96,0
96,9
96,1
96,1
96,13
96,4
96,0
96,0
96,18
96,1
96,1
96,0
96,4
96,4
96,1
96,4
96,8
96,5
96,4
96,1
96,0
96,1
96,1
96,1
96,7
97,NULL
97,1
97,4
97,6
97,9
97,1
97,1
97,9
97,4
97,7
97,1
97,2
97,1
97,3
97,3
97,1
97,5
97,1
97,2
97,1
97,2
97,0
97,1
97,1
97,2
97,11
97,2
97,0
97,8
97,0
97,1
97,5
97,9
97,2
97,0
97,0
97,3
97,3
97,10
97,3
97,3
97,8
97,4
97,15
97,3
97,2
97,1
97,3
97,9
97,8
97,3
97,9
97,0
97,1
97,8
97,12
97,1
97,1
97,1
97,1
97,2
97,1
97,6
97,1
97,1
97,4
97,1
97,1
97,25
97,16
97,1
97,4
97,1
97,3
97,3
97,7
97,10
97,7
97,0
97,4
97,1
97,17
97,3
97,0
97,2
97,1
97,0
97,0
97,1
97,11
98,NULL
98,6
98,5
98,3
98,0
98,3
98,3
98,10
98,0
98,1
98,3
98,3
98,0
98,2
98,2
98,7
98,3
98,5
98,1
98,1
98,1
98,2
98,4
98,0
98,2
98,2
98,0
98,3
98,4
98,1
98,2
98,0
98,8
98,1
98,7
98,2
98,3
98,2
98,16
98,2
98,2
98,1
98,11
98,2
98,3
98,8
98,1
98,1
98,5
98,1
98,0
98,4
98,7
98,5
98,8
98,1
98,1
98,4
98,2
98,8
98,5
98,10
98,7
98,3
98,2
98,1
98,1
98,5
98,11
98,5
98,1
98,2
98,1
98,1
98,1
98,1
98,0
98,0
98,4
98,3
98,16
98,2
98,8
98,2
98,4
98,18
98,22
98,1
98,4
98,3
98,2
98,3
98,3
99,NULL
99,4
99,4
99,0
99,0
99,3
99,1
99,4
99,2
99,11
99,3
99,4
99,0
99,1
99,1
99,2
99,4
99,9
99,7
99,1
99,0
99,2
99,4
99,0
99,9
99,1
99,1
99,14
99,2
99,8
99,0
99,2
99,3
99,0
99,4
99,1
99,8
99,0
99,5
99,6
99,10
99,0
99,9
99,4
99,2
99,26
99,5
99,3
99,4
99,1
99,6
99,9
99,4
99,0
99,1
99,6
99,0
99,5
99,4
99,3
99,8
99,0
99,2
99,1
99,6
99,0
99,1
99,2
99,1
99,2
99,0
99,0
99,2
99,2
99,0
99,4
99,1
99,7
99,4
99,1
99,3
99,6
99,2
99,4
99,3
99,7
99,2
99,14
99,2
99,4
99,12
99,1
99,1
99,0
99,1
99,3
99,1
99,3
99,1
99,1
99,3
99,4
99,0
100,NULL
100,0
100,3
100,3
100,0
100,4
100,2
100,26
100,2
100,8
100,4
100,5
100,13
100,0
100,2
100,5
100,1
100,1
100,1
100,0
100,7
100,1
100,5
100,0
100,4
100,0
100,1
100,9
100,0
100,2
100,2
100,9
100,0
100,0
100,8
100,0
100,3
100,0
100,3
100,0
100,4
100,10
100,2
100,0
100,6
100,0
100,15
100,1
100,8
100,11
100,1
100,3
100,0
100,1
100,14
100,6
100,4
100,0
100,3
100,5
100,12
100,4
100,1
100,1
100,12
100,4
100,10
100,5
100,0
100,1
100,6
100,4
100,1
100,1
100,1
100,1
100,12
100,0
100,2
100,0
100,3
100,1
100,2
100,6
100,3
100,0
100,2
100,0
100,9
100,6
100,2
100,0
100,8
100,3